Country,Stock 2005 (USD mn),Stock 2025 (USD mn),Share 2005 (%),Share 2025 (%),Change in share (percentage points)
USA,1740.0,204880.0,17.193675889328063,13.037806329266974,-4.155869560061088
Australia,320.0,108180.0,3.1620553359683794,6.8841755598404,3.7221202238720204
Britain,100.0,107050.0,0.9881422924901186,6.81226653430315,5.824124241813031
Brazil,0.0,80550.0,0.0,5.1259044309959725,5.1259044309959725
Switzerland,0.0,62870.0,0.0,4.00081454471405,4.00081454471405
Canada,250.0,57280.0,2.4703557312252964,3.6450875953749136,1.1747318641496172
Germany,0.0,56340.0,0.0,3.5852694679368478,3.5852694679368478
Indonesia,0.0,49350.0,0.0,3.140451690498463,3.140451690498463
Singapore,0.0,46830.0,0.0,2.9800881999198183,2.9800881999198183
France,0.0,37130.0,0.0,2.3628160338036057,2.3628160338036057
Russian Federation,0.0,34250.0,0.0,2.179543473142297,2.179543473142297
Malaysia,0.0,30030.0,0.0,1.910998262728852,1.910998262728852
Peru,0.0,29100.0,0.0,1.8518164983486378,1.8518164983486378
Italy,0.0,25750.0,0.0,1.6386348739682963,1.6386348739682963
Kazakhstan,4200.0,24560.0,41.50197628458498,1.5629076700839364,-39.93906861450104
Netherlands,0.0,21770.0,0.0,1.3853623769432937,1.3853623769432937
Democratic Republic of the Congo,0.0,20150.0,0.0,1.2822715615713076,1.2822715615713076
Finland,0.0,18480.0,0.0,1.1759989309100627,1.1759989309100627
Laos,0.0,17780.0,0.0,1.1314535168604392,1.1314535168604392
Chile,0.0,17550.0,0.0,1.1168171665298485,1.1168171665298485
India,0.0,17280.0,0.0,1.099635363967851,1.099635363967851
Sweden,0.0,17250.0,0.0,1.0977262747942955,1.0977262747942955
Pakistan,0.0,16560.0,0.0,1.0538172238025239,1.0538172238025239
Saudi Arabia,0.0,15700.0,0.0,0.999090000827272,0.999090000827272
Iraq,0.0,15560.0,0.0,0.9901809180173473,0.9901809180173473
South Korea,0.0,14890.0,0.0,0.9475445931412789,0.9475445931412789
Cambodia,280.0,14590.0,2.766798418972332,0.9284537014057259,-1.8383447175666061
Vietnam,0.0,14520.0,0.0,0.9239991600007637,0.9239991600007637
Guyana,0.0,14320.0,0.0,0.9112718988437284,0.9112718988437284
Japan,0.0,13840.0,0.0,0.8807264720668435,0.8807264720668435
Hungary,0.0,13800.0,0.0,0.8781810198354365,0.8781810198354365
Spain,0.0,13540.0,0.0,0.8616355803312906,0.8616355803312906
Argentina,0.0,13530.0,0.0,0.8609992172734388,0.8609992172734388
Guinea,0.0,13410.0,0.0,0.8533628605792176,0.8533628605792176
Israel,0.0,12730.0,0.0,0.8100901726452977,0.8100901726452977
Thailand,150.0,12150.0,1.4822134387351777,0.7731811152898952,-0.7090323234452826
Portugal,0.0,11800.0,0.0,0.7509084082650834,0.7509084082650834
South Africa,0.0,11730.0,0.0,0.746453866860121,0.746453866860121
Ireland,0.0,11450.0,0.0,0.7286357012402717,0.7286357012402717
Greece,0.0,9660.0,0.0,0.6147267138848056,0.6147267138848056
Egypt,0.0,8750.0,0.0,0.5568176756202948,0.5568176756202948
Colombia,0.0,8340.0,0.0,0.5307267902483725,0.5307267902483725
Nigeria,0.0,8280.0,0.0,0.5269086119012619,0.5269086119012619
UAE,0.0,8160.0,0.0,0.5192722552070407,0.5192722552070407
Norway,0.0,8050.0,0.0,0.5122722615706713,0.5122722615706713
Bangladesh,0.0,7740.0,0.0,0.49254500677726654,0.49254500677726654
Myanmar,0.0,7090.0,0.0,0.4511814080169018,0.4511814080169018
Turkey,0.0,6830.0,0.0,0.4346359685127559,0.4346359685127559
Ecuador,1420.0,6790.0,14.031620553359684,0.4320905162813488,-13.599530037078335
Zambia,0.0,6780.0,0.0,0.43145415322349706,0.43145415322349706
Mexico,0.0,6500.0,0.0,0.4136359876036476,0.4136359876036476
Belgium,0.0,5830.0,0.0,0.37099966272757934,0.37099966272757934
Serbia,0.0,5820.0,0.0,0.3703632996697276,0.3703632996697276
Niger,0.0,5570.0,0.0,0.35445422322343345,0.35445422322343345
Angola,0.0,5520.0,0.0,0.3512724079341746,0.3512724079341746
Uzbekistan,0.0,5240.0,0.0,0.33345424231432513,0.33345424231432513
Mozambique,0.0,4920.0,0.0,0.3130906244630687,0.3130906244630687
Iran,0.0,4720.0,0.0,0.30036336330603336,0.30036336330603336
Zimbabwe,0.0,4710.0,0.0,0.29972700024818155,0.29972700024818155
Mongolia,200.0,4660.0,1.9762845849802373,0.29654518495892274,-1.6797394000213146
Ghana,0.0,4650.0,0.0,0.295908821901071,0.295908821901071
Venezuela,0.0,4570.0,0.0,0.29081791743825686,0.29081791743825686
Philippines,0.0,4380.0,0.0,0.27872701933907335,0.27872701933907335
Sri Lanka,0.0,4300.0,0.0,0.2736361148762592,0.2736361148762592
Namibia,0.0,4210.0,0.0,0.26790884735559334,0.26790884735559334
Morocco,0.0,3970.0,0.0,0.2526361339671509,0.2526361339671509
Sierra Leone,0.0,3850.0,0.0,0.24499977727292974,0.24499977727292974
New Zealand,0.0,3800.0,0.0,0.24181796198367092,0.24181796198367092
Syria,290.0,3760.0,2.8656126482213438,0.23927250975226386,-2.62634013846908
Oman,0.0,3730.0,0.0,0.23736342057870857,0.23736342057870857
Brunei,0.0,3590.0,0.0,0.22845433776878385,0.22845433776878385
Uganda,0.0,3320.0,0.0,0.21127253520678616,0.21127253520678616
Afghanistan,0.0,3070.0,0.0,0.19536345876049205,0.19536345876049205
Botswana,0.0,2850.0,0.0,0.1813634714877532,0.1813634714877532
Tanzania,0.0,2840.0,0.0,0.18072710842990142,0.18072710842990142
Luxembourg,0.0,2790.0,0.0,0.1775452931406426,0.1775452931406426
Ethiopia,0.0,2770.0,0.0,0.17627256702493907,0.17627256702493907
Congo,0.0,2610.0,0.0,0.16609075809931081,0.16609075809931081
Poland,0.0,2610.0,0.0,0.16609075809931081,0.16609075809931081
Cameroon,0.0,2580.0,0.0,0.16418166892575553,0.16418166892575553
Kenya,0.0,2320.0,0.0,0.14763622942160962,0.14763622942160962
Papua New Guinea,670.0,2300.0,6.620553359683795,0.14636350330590608,-6.474189856377889
North Korea,0.0,2000.0,0.0,0.12727261157035313,0.12727261157035313
Jordan,0.0,1960.0,0.0,0.12472715933894606,0.12472715933894606
Slovakia,0.0,1860.0,0.0,0.11836352876042841,0.11836352876042841
Turkmenistan,0.0,1790.0,0.0,0.11390898735546605,0.11390898735546605
Chad,0.0,1630.0,0.0,0.1037271784298378,0.1037271784298378
Kyrgyzstan,0.0,1430.0,0.0,0.09099991727280247,0.09099991727280247
Slovenia,0.0,1390.0,0.0,0.08845446504139541,0.08845446504139541
Taiwan,0.0,1220.0,0.0,0.0776362930579154,0.0776362930579154
Cyprus,0.0,1200.0,0.0,0.07636356694221187,0.07636356694221187
Trinidad-Tobago,0.0,1170.0,0.0,0.07445447776865657,0.07445447776865657
Jamaica,0.0,1170.0,0.0,0.07445447776865657,0.07445447776865657
Nepal,0.0,1120.0,0.0,0.07127266247939774,0.07127266247939774
Austria,0.0,1110.0,0.0,0.07063629942154598,0.07063629942154598
Eritrea,0.0,1070.0,0.0,0.06809084719013891,0.06809084719013891
Qatar,0.0,1050.0,0.0,0.06681812107443538,0.06681812107443538
Tajikistan,0.0,1000.0,0.0,0.06363630578517657,0.06363630578517657
Algeria,0.0,960.0,0.0,0.061090853553769496,0.061090853553769496
Czech Republic,0.0,860.0,0.0,0.054727222975251844,0.054727222975251844
Denmark,0.0,840.0,0.0,0.05345449685954831,0.05345449685954831
Ivory Coast,0.0,790.0,0.0,0.050272681570289475,0.050272681570289475
Mauritius,0.0,740.0,0.0,0.04709086628103065,0.04709086628103065
Antigua and Barbuda,0.0,740.0,0.0,0.04709086628103065,0.04709086628103065
Bosnia,0.0,730.0,0.0,0.046454503223178886,0.046454503223178886
Suriname,0.0,710.0,0.0,0.045181777107475354,0.045181777107475354
Djibouti,0.0,700.0,0.0,0.044545414049623595,0.044545414049623595
Kuwait,0.0,650.0,0.0,0.041363598760364766,0.041363598760364766
Mali,0.0,600.0,0.0,0.038181783471105936,0.038181783471105936
Liberia,0.0,520.0,0.0,0.033090879008291815,0.033090879008291815
Cuba,500.0,500.0,4.940711462450593,0.03181815289258828,-4.908893309558004
Yemen,0.0,470.0,0.0,0.029909063719032982,0.029909063719032982
Bulgaria,0.0,440.0,0.0,0.027999974545477688,0.027999974545477688
Malta,0.0,440.0,0.0,0.027999974545477688,0.027999974545477688
Bolivia,0.0,400.0,0.0,0.025454522314070624,0.025454522314070624
Belarus,0.0,400.0,0.0,0.025454522314070624,0.025454522314070624
Gabon,0.0,400.0,0.0,0.025454522314070624,0.025454522314070624
Georgia,0.0,370.0,0.0,0.023545433140515326,0.023545433140515326
Bahamas,0.0,350.0,0.0,0.022272707024811798,0.022272707024811798
Panama,0.0,310.0,0.0,0.019727254793404734,0.019727254793404734
Nicaragua,0.0,300.0,0.0,0.019090891735552968,0.019090891735552968
Azerbaijan,0.0,270.0,0.0,0.017181802561997674,0.017181802561997674
Sao Tome,0.0,270.0,0.0,0.017181802561997674,0.017181802561997674
Sudan,0.0,260.0,0.0,0.016545439504145908,0.016545439504145908
Croatia,0.0,220.0,0.0,0.013999987272738844,0.013999987272738844
Malawi,0.0,200.0,0.0,0.012727261157035312,0.012727261157035312
Solomon Islands,0.0,200.0,0.0,0.012727261157035312,0.012727261157035312
Togo,0.0,190.0,0.0,0.012090898099183546,0.012090898099183546
Ukraine,0.0,180.0,0.0,0.011454535041331782,0.011454535041331782
Guinea-Bissau,0.0,170.0,0.0,0.010818171983480016,0.010818171983480016
Madagascar,0.0,150.0,0.0,0.009545445867776484,0.009545445867776484
Tunisia,0.0,130.0,0.0,0.008272719752072954,0.008272719752072954
Rwanda,0.0,120.0,0.0,0.007636356694221187,0.007636356694221187
Samoa,0.0,110.0,0.0,0.006999993636369422,0.006999993636369422
Maldives,0.0,110.0,0.0,0.006999993636369422,0.006999993636369422
Montenegro,0.0,100.0,0.0,0.006363630578517656,0.006363630578517656
