Category,Year,Stock proxy (USD millions),Share of total stock (%)
USA,2025,204880.0,13.037806329266974
Australia,2025,108180.0,6.8841755598404
Britain,2025,107050.0,6.81226653430315
Brazil,2025,80550.0,5.1259044309959725
Switzerland,2025,62870.0,4.00081454471405
Canada,2025,57280.0,3.6450875953749136
Germany,2025,56340.0,3.5852694679368478
Indonesia,2025,49350.0,3.140451690498463
Singapore,2025,46830.0,2.9800881999198183
France,2025,37130.0,2.3628160338036057
Russian Federation,2025,34250.0,2.179543473142297
Malaysia,2025,30030.0,1.910998262728852
Peru,2025,29100.0,1.8518164983486378
Italy,2025,25750.0,1.6386348739682963
Kazakhstan,2025,24560.0,1.5629076700839364
Netherlands,2025,21770.0,1.3853623769432937
Democratic Republic of the Congo,2025,20150.0,1.2822715615713076
Finland,2025,18480.0,1.1759989309100627
Laos,2025,17780.0,1.1314535168604392
Chile,2025,17550.0,1.1168171665298485
India,2025,17280.0,1.099635363967851
Sweden,2025,17250.0,1.0977262747942955
Pakistan,2025,16560.0,1.0538172238025239
Saudi Arabia,2025,15700.0,0.999090000827272
Iraq,2025,15560.0,0.9901809180173473
South Korea,2025,14890.0,0.9475445931412789
Cambodia,2025,14590.0,0.9284537014057259
Vietnam,2025,14520.0,0.9239991600007637
Guyana,2025,14320.0,0.9112718988437284
Japan,2025,13840.0,0.8807264720668435
Hungary,2025,13800.0,0.8781810198354365
Spain,2025,13540.0,0.8616355803312906
Argentina,2025,13530.0,0.8609992172734388
Guinea,2025,13410.0,0.8533628605792176
Israel,2025,12730.0,0.8100901726452977
Thailand,2025,12150.0,0.7731811152898952
Portugal,2025,11800.0,0.7509084082650834
South Africa,2025,11730.0,0.746453866860121
Ireland,2025,11450.0,0.7286357012402717
Greece,2025,9660.0,0.6147267138848056
Egypt,2025,8750.0,0.5568176756202948
Colombia,2025,8340.0,0.5307267902483725
Nigeria,2025,8280.0,0.5269086119012619
UAE,2025,8160.0,0.5192722552070407
Norway,2025,8050.0,0.5122722615706713
Bangladesh,2025,7740.0,0.49254500677726654
Myanmar,2025,7090.0,0.4511814080169018
Turkey,2025,6830.0,0.4346359685127559
Ecuador,2025,6790.0,0.4320905162813488
Zambia,2025,6780.0,0.43145415322349706
Mexico,2025,6500.0,0.4136359876036476
Belgium,2025,5830.0,0.37099966272757934
Serbia,2025,5820.0,0.3703632996697276
Niger,2025,5570.0,0.35445422322343345
Angola,2025,5520.0,0.3512724079341746
Uzbekistan,2025,5240.0,0.33345424231432513
Mozambique,2025,4920.0,0.3130906244630687
Iran,2025,4720.0,0.30036336330603336
Zimbabwe,2025,4710.0,0.29972700024818155
Mongolia,2025,4660.0,0.29654518495892274
Ghana,2025,4650.0,0.295908821901071
Venezuela,2025,4570.0,0.29081791743825686
Philippines,2025,4380.0,0.27872701933907335
Sri Lanka,2025,4300.0,0.2736361148762592
Namibia,2025,4210.0,0.26790884735559334
Morocco,2025,3970.0,0.2526361339671509
Sierra Leone,2025,3850.0,0.24499977727292974
New Zealand,2025,3800.0,0.24181796198367092
Syria,2025,3760.0,0.23927250975226386
Oman,2025,3730.0,0.23736342057870857
Brunei,2025,3590.0,0.22845433776878385
Uganda,2025,3320.0,0.21127253520678616
Afghanistan,2025,3070.0,0.19536345876049205
Botswana,2025,2850.0,0.1813634714877532
Tanzania,2025,2840.0,0.18072710842990142
Luxembourg,2025,2790.0,0.1775452931406426
Ethiopia,2025,2770.0,0.17627256702493907
Congo,2025,2610.0,0.16609075809931081
Poland,2025,2610.0,0.16609075809931081
Cameroon,2025,2580.0,0.16418166892575553
Kenya,2025,2320.0,0.14763622942160962
Papua New Guinea,2025,2300.0,0.14636350330590608
North Korea,2025,2000.0,0.12727261157035313
Jordan,2025,1960.0,0.12472715933894606
Slovakia,2025,1860.0,0.11836352876042841
Turkmenistan,2025,1790.0,0.11390898735546605
Chad,2025,1630.0,0.1037271784298378
Kyrgyzstan,2025,1430.0,0.09099991727280247
Slovenia,2025,1390.0,0.08845446504139541
Taiwan,2025,1220.0,0.0776362930579154
Cyprus,2025,1200.0,0.07636356694221187
Trinidad-Tobago,2025,1170.0,0.07445447776865657
Jamaica,2025,1170.0,0.07445447776865657
Nepal,2025,1120.0,0.07127266247939774
Austria,2025,1110.0,0.07063629942154598
Eritrea,2025,1070.0,0.06809084719013891
Qatar,2025,1050.0,0.06681812107443538
Tajikistan,2025,1000.0,0.06363630578517657
Algeria,2025,960.0,0.061090853553769496
Czech Republic,2025,860.0,0.054727222975251844
Denmark,2025,840.0,0.05345449685954831
Ivory Coast,2025,790.0,0.050272681570289475
Mauritius,2025,740.0,0.04709086628103065
Antigua and Barbuda,2025,740.0,0.04709086628103065
Bosnia,2025,730.0,0.046454503223178886
Suriname,2025,710.0,0.045181777107475354
Djibouti,2025,700.0,0.044545414049623595
Kuwait,2025,650.0,0.041363598760364766
Mali,2025,600.0,0.038181783471105936
Liberia,2025,520.0,0.033090879008291815
Cuba,2025,500.0,0.03181815289258828
Yemen,2025,470.0,0.029909063719032982
Bulgaria,2025,440.0,0.027999974545477688
Malta,2025,440.0,0.027999974545477688
Bolivia,2025,400.0,0.025454522314070624
Belarus,2025,400.0,0.025454522314070624
Gabon,2025,400.0,0.025454522314070624
Georgia,2025,370.0,0.023545433140515326
Bahamas,2025,350.0,0.022272707024811798
Panama,2025,310.0,0.019727254793404734
Nicaragua,2025,300.0,0.019090891735552968
Azerbaijan,2025,270.0,0.017181802561997674
Sao Tome,2025,270.0,0.017181802561997674
Sudan,2025,260.0,0.016545439504145908
Croatia,2025,220.0,0.013999987272738844
Malawi,2025,200.0,0.012727261157035312
Solomon Islands,2025,200.0,0.012727261157035312
Togo,2025,190.0,0.012090898099183546
Ukraine,2025,180.0,0.011454535041331782
Guinea-Bissau,2025,170.0,0.010818171983480016
Madagascar,2025,150.0,0.009545445867776484
Tunisia,2025,130.0,0.008272719752072954
Rwanda,2025,120.0,0.007636356694221187
Samoa,2025,110.0,0.006999993636369422
Maldives,2025,110.0,0.006999993636369422
Montenegro,2025,100.0,0.006363630578517656
